4U,spam
Llame ya! no lo dude!,spam
Ingresos extras,spam
Direcciones CD,spam
Completamente Natural,spam
Increíble. Solo por hoy,spam
Solicite en línea,spam
Tal como en la TV,spam
Dirección de Facturación,spam
Remoción de email automática,spam
Sorpréndase,spam
Sea su propio jefe,spam
Grandes ganancias,spam
Llame ahora,spam
Llame gratis,spam
Inversión gratis,spam
Dinero gratis,spam
Estafa de celulares,spam
Centavos de dolar,spam
Es efectivo no lo dude,spam
Obtenga ahora,spam
Promoción especial,spam
Sin costo no se preocupe,spam
Gratis tu celular,spam
Acceso instantáneo,spam
Celular gratis,spam
Sin riegos de perdida gane ya,spam
Hágalo hoy y gane,spam
Apúrate tenemos pocas ofertas,spam
"Sin formularios, hágalo ya",spam
Cancelada reunión,correo
Temas foco,correo
Revisión estado,correo
Documentos de arquitectura,correo
Para revisar,correo
Cronograma de estado,correo
Demo,correo
Resultado lluvia de ideas,correo
Consulta maquinas virtuales,correo
Revisión propuesta,correo
Preparación de cursos,correo
Buenas noticias Chile,correo
Reembolso de gastos,correo
WebEx,correo
Felicidades por el logro,correo
Adjunto datos de propuesta,correo
Reunión con equipo,correo
Presentación BBVA,correo
Sistema en falla,correo
Caso de beneficios,correo
Desarrollo item 1,correo
Producción caída,correo
Estado del proyecto,correo
"Importante, carga de horas",correo
Estado de Nómina,correo
Integración de equipo,correo
Formulario de inscripción cursos,correo