¿Qué es Cognitiva Perú?,company_information
¿A qué se dedica Cognitiva Perú?,company_information
Cuéntame acerca de cognitiva Perú.,company_information
¿Cuál es el core de negocio de Cognitiva Perú?,company_information
¿Cuál es el giro de negocio de cognitiva Perú?,company_information
¿Cuáles son los servicios que ofrece Cognitiva Perú?,company_information
¿Dónde esta ubicado Cognitiva Perú?,company_location
¿Cómo llego a Cognitiva Perú?,company_location
¿En qué distrito esta Cognitiva Perú?,company_location
¿En qué ciudad se encuentra Cognitiva Perú?,company_location
Dime la ubicación de Cognitiva Perú.,company_location
¿En qué países esta presente Cognitiva Perú?,company_size
¿Cuántos empleados tiene Cognitiva Perú?,company_size
¿Cuántos clientes tiene Cognitiva Perú?,company_size
Dime la última facturación de Cognitiva Perú.,company_size
Listame los partners que tiene Cognitiva Perú.,company_size
¿Cómo me puede ayudar Cognitiva Perú?,company_information
